-- =========================================================
-- * EV Warranty Seed Data Script
-- * This script is idempotent - safe to run multiple times
-- =========================================================

-- Set required SQL Server options for indexed views and computed columns
SET QUOTED_IDENTIFIER ON;
SET ANSI_NULLS ON;
SET ANSI_PADDING ON;
SET ANSI_WARNINGS ON;
SET CONCAT_NULL_YIELDS_NULL ON;
SET ARITHABORT ON;

-- Check if seed data already exists
IF EXISTS (SELECT 1 FROM vehicle_models WHERE id = '650e8400-e29b-41d4-a716-446655440101')
BEGIN
    PRINT 'Seed data already exists. Skipping insertion.';
    RETURN;
END

BEGIN TRANSACTION;

-- =========================================================
-- * DECLARE GUIDs for Vehicle Models
-- =========================================================
DECLARE
    -- VinFast 4401xx
    @vf8_2023 UNIQUEIDENTIFIER = '650e8400-e29b-41d4-a716-446655440101',
    @vf8_2024 UNIQUEIDENTIFIER = '650e8400-e29b-41d4-a716-446655440102',
    @vf8_2025 UNIQUEIDENTIFIER = '650e8400-e29b-41d4-a716-446655440103',

    @vf9_2023 UNIQUEIDENTIFIER = '650e8400-e29b-41d4-a716-446655440104',
    @vf9_2024 UNIQUEIDENTIFIER = '650e8400-e29b-41d4-a716-446655440105',
    @vf9_2025 UNIQUEIDENTIFIER = '650e8400-e29b-41d4-a716-446655440106',

    @vfe34_2022 UNIQUEIDENTIFIER = '650e8400-e29b-41d4-a716-446655440107',
    @vfe34_2023 UNIQUEIDENTIFIER = '650e8400-e29b-41d4-a716-446655440108',
    @vfe34_2024 UNIQUEIDENTIFIER = '650e8400-e29b-41d4-a716-446655440109',
    @vfe34_2025 UNIQUEIDENTIFIER = '650e8400-e29b-41d4-a716-446655440110',

    @vf5_2023 UNIQUEIDENTIFIER = '650e8400-e29b-41d4-a716-446655440111',
    @vf5_2024 UNIQUEIDENTIFIER = '650e8400-e29b-41d4-a716-446655440112',
    @vf5_2025 UNIQUEIDENTIFIER = '650e8400-e29b-41d4-a716-446655440113',

    @vf6_2024 UNIQUEIDENTIFIER = '650e8400-e29b-41d4-a716-446655440114',
    @vf6_2025 UNIQUEIDENTIFIER = '650e8400-e29b-41d4-a716-446655440115',

    @vf7_2024 UNIQUEIDENTIFIER = '650e8400-e29b-41d4-a716-446655440116',
    @vf7_2025 UNIQUEIDENTIFIER = '650e8400-e29b-41d4-a716-446655440117',

    @vf3_2024 UNIQUEIDENTIFIER = '650e8400-e29b-41d4-a716-446655440118',
    @vf3_2025 UNIQUEIDENTIFIER = '650e8400-e29b-41d4-a716-446655440119',

    -- BYD 4402xx
    @byd_atto3_2022 UNIQUEIDENTIFIER = '650e8400-e29b-41d4-a716-446655440201',
    @byd_atto3_2023 UNIQUEIDENTIFIER = '650e8400-e29b-41d4-a716-446655440202',
    @byd_atto3_2024 UNIQUEIDENTIFIER = '650e8400-e29b-41d4-a716-446655440203',
    @byd_atto3_2025 UNIQUEIDENTIFIER = '650e8400-e29b-41d4-a716-446655440204',

    @byd_dolphin_2023 UNIQUEIDENTIFIER = '650e8400-e29b-41d4-a716-446655440205',
    @byd_dolphin_2024 UNIQUEIDENTIFIER = '650e8400-e29b-41d4-a716-446655440206',
    @byd_dolphin_2025 UNIQUEIDENTIFIER = '650e8400-e29b-41d4-a716-446655440207',

    @byd_seal_2023 UNIQUEIDENTIFIER = '650e8400-e29b-41d4-a716-446655440208',
    @byd_seal_2024 UNIQUEIDENTIFIER = '650e8400-e29b-41d4-a716-446655440209',
    @byd_seal_2025 UNIQUEIDENTIFIER = '650e8400-e29b-41d4-a716-446655440210',

    @byd_tang_2024 UNIQUEIDENTIFIER = '650e8400-e29b-41d4-a716-446655440211',
    @byd_tang_2025 UNIQUEIDENTIFIER = '650e8400-e29b-41d4-a716-446655440212',

    @byd_sealu_2024 UNIQUEIDENTIFIER = '650e8400-e29b-41d4-a716-446655440213',
    @byd_sealu_2025 UNIQUEIDENTIFIER = '650e8400-e29b-41d4-a716-446655440214',

    @byd_m6_2024 UNIQUEIDENTIFIER = '650e8400-e29b-41d4-a716-446655440215',
    @byd_m6_2025 UNIQUEIDENTIFIER = '650e8400-e29b-41d4-a716-446655440216',

    -- Mercedes-Benz 4403xx
    @mb_eqa_2023 UNIQUEIDENTIFIER = '650e8400-e29b-41d4-a716-446655440301',
    @mb_eqa_2024 UNIQUEIDENTIFIER = '650e8400-e29b-41d4-a716-446655440302',
    @mb_eqa_2025 UNIQUEIDENTIFIER = '650e8400-e29b-41d4-a716-446655440303',

    @mb_eqb_2023 UNIQUEIDENTIFIER = '650e8400-e29b-41d4-a716-446655440304',
    @mb_eqb_2024 UNIQUEIDENTIFIER = '650e8400-e29b-41d4-a716-446655440305',
    @mb_eqb_2025 UNIQUEIDENTIFIER = '650e8400-e29b-41d4-a716-446655440306',

    @mb_eqc_2022 UNIQUEIDENTIFIER = '650e8400-e29b-41d4-a716-446655440307',
    @mb_eqc_2023 UNIQUEIDENTIFIER = '650e8400-e29b-41d4-a716-446655440308',
    @mb_eqc_2024 UNIQUEIDENTIFIER = '650e8400-e29b-41d4-a716-446655440309',

    @mb_eqe_2023 UNIQUEIDENTIFIER = '650e8400-e29b-41d4-a716-446655440310',
    @mb_eqe_2024 UNIQUEIDENTIFIER = '650e8400-e29b-41d4-a716-446655440311',
    @mb_eqe_2025 UNIQUEIDENTIFIER = '650e8400-e29b-41d4-a716-446655440312',

    @mb_eqesuv_2023 UNIQUEIDENTIFIER = '650e8400-e29b-41d4-a716-446655440313',
    @mb_eqesuv_2024 UNIQUEIDENTIFIER = '650e8400-e29b-41d4-a716-446655440314',
    @mb_eqesuv_2025 UNIQUEIDENTIFIER = '650e8400-e29b-41d4-a716-446655440315',

    @mb_eqs_2023 UNIQUEIDENTIFIER = '650e8400-e29b-41d4-a716-446655440316',
    @mb_eqs_2024 UNIQUEIDENTIFIER = '650e8400-e29b-41d4-a716-446655440317',
    @mb_eqs_2025 UNIQUEIDENTIFIER = '650e8400-e29b-41d4-a716-446655440318',

    @mb_eqssuv_2023 UNIQUEIDENTIFIER = '650e8400-e29b-41d4-a716-446655440319',
    @mb_eqssuv_2024 UNIQUEIDENTIFIER = '650e8400-e29b-41d4-a716-446655440320',
    @mb_eqssuv_2025 UNIQUEIDENTIFIER = '650e8400-e29b-41d4-a716-446655440321';

-- =========================================================
-- * INSERT DATA (VinFast / BYD / Mercedes-Benz)
-- =========================================================

INSERT INTO vehicle_models (id, brand, model_name, year, created_at, policy_id)
VALUES
-- VinFast
(@vf8_2023, 'VinFast', 'VF8', 2023, GETDATE(), NULL),
(@vf8_2024, 'VinFast', 'VF8', 2024, GETDATE(), NULL),
(@vf8_2025, 'VinFast', 'VF8', 2025, GETDATE(), NULL),
(@vf9_2023, 'VinFast', 'VF9', 2023, GETDATE(), NULL),
(@vf9_2024, 'VinFast', 'VF9', 2024, GETDATE(), NULL),
(@vf9_2025, 'VinFast', 'VF9', 2025, GETDATE(), NULL),
(@vfe34_2022, 'VinFast', 'VF e34', 2022, GETDATE(), NULL),
(@vfe34_2023, 'VinFast', 'VF e34', 2023, GETDATE(), NULL),
(@vfe34_2024, 'VinFast', 'VF e34', 2024, GETDATE(), NULL),
(@vfe34_2025, 'VinFast', 'VF e34', 2025, GETDATE(), NULL),
(@vf5_2023, 'VinFast', 'VF5 Plus', 2023, GETDATE(), NULL),
(@vf5_2024, 'VinFast', 'VF5 Plus', 2024, GETDATE(), NULL),
(@vf5_2025, 'VinFast', 'VF5 Plus', 2025, GETDATE(), NULL),
(@vf6_2024, 'VinFast', 'VF6', 2024, GETDATE(), NULL),
(@vf6_2025, 'VinFast', 'VF6', 2025, GETDATE(), NULL),
(@vf7_2024, 'VinFast', 'VF7', 2024, GETDATE(), NULL),
(@vf7_2025, 'VinFast', 'VF7', 2025, GETDATE(), NULL),
(@vf3_2024, 'VinFast', 'VF3', 2024, GETDATE(), NULL),
(@vf3_2025, 'VinFast', 'VF3', 2025, GETDATE(), NULL),

-- BYD
(@byd_atto3_2022, 'BYD', 'Atto 3', 2022, GETDATE(), NULL),
(@byd_atto3_2023, 'BYD', 'Atto 3', 2023, GETDATE(), NULL),
(@byd_atto3_2024, 'BYD', 'Atto 3', 2024, GETDATE(), NULL),
(@byd_atto3_2025, 'BYD', 'Atto 3', 2025, GETDATE(), NULL),
(@byd_dolphin_2023, 'BYD', 'Dolphin', 2023, GETDATE(), NULL),
(@byd_dolphin_2024, 'BYD', 'Dolphin', 2024, GETDATE(), NULL),
(@byd_dolphin_2025, 'BYD', 'Dolphin', 2025, GETDATE(), NULL),
(@byd_seal_2023, 'BYD', 'Seal', 2023, GETDATE(), NULL),
(@byd_seal_2024, 'BYD', 'Seal', 2024, GETDATE(), NULL),
(@byd_seal_2025, 'BYD', 'Seal', 2025, GETDATE(), NULL),
(@byd_tang_2024, 'BYD', 'Tang EV', 2024, GETDATE(), NULL),
(@byd_tang_2025, 'BYD', 'Tang EV', 2025, GETDATE(), NULL),
(@byd_sealu_2024, 'BYD', 'Seal U', 2024, GETDATE(), NULL),
(@byd_sealu_2025, 'BYD', 'Seal U', 2025, GETDATE(), NULL),
(@byd_m6_2024, 'BYD', 'M6', 2024, GETDATE(), NULL),
(@byd_m6_2025, 'BYD', 'M6', 2025, GETDATE(), NULL),

-- Mercedes-Benz
(@mb_eqa_2023, 'Mercedes-Benz', 'EQA', 2023, GETDATE(), NULL),
(@mb_eqa_2024, 'Mercedes-Benz', 'EQA', 2024, GETDATE(), NULL),
(@mb_eqa_2025, 'Mercedes-Benz', 'EQA', 2025, GETDATE(), NULL),
(@mb_eqb_2023, 'Mercedes-Benz', 'EQB', 2023, GETDATE(), NULL),
(@mb_eqb_2024, 'Mercedes-Benz', 'EQB', 2024, GETDATE(), NULL),
(@mb_eqb_2025, 'Mercedes-Benz', 'EQB', 2025, GETDATE(), NULL),
(@mb_eqc_2022, 'Mercedes-Benz', 'EQC', 2022, GETDATE(), NULL),
(@mb_eqc_2023, 'Mercedes-Benz', 'EQC', 2023, GETDATE(), NULL),
(@mb_eqc_2024, 'Mercedes-Benz', 'EQC', 2024, GETDATE(), NULL),
(@mb_eqe_2023, 'Mercedes-Benz', 'EQE', 2023, GETDATE(), NULL),
(@mb_eqe_2024, 'Mercedes-Benz', 'EQE', 2024, GETDATE(), NULL),
(@mb_eqe_2025, 'Mercedes-Benz', 'EQE', 2025, GETDATE(), NULL),
(@mb_eqesuv_2023, 'Mercedes-Benz', 'EQE SUV', 2023, GETDATE(), NULL),
(@mb_eqesuv_2024, 'Mercedes-Benz', 'EQE SUV', 2024, GETDATE(), NULL),
(@mb_eqesuv_2025, 'Mercedes-Benz', 'EQE SUV', 2025, GETDATE(), NULL),
(@mb_eqs_2023, 'Mercedes-Benz', 'EQS', 2023, GETDATE(), NULL),
(@mb_eqs_2024, 'Mercedes-Benz', 'EQS', 2024, GETDATE(), NULL),
(@mb_eqs_2025, 'Mercedes-Benz', 'EQS', 2025, GETDATE(), NULL),
(@mb_eqssuv_2023, 'Mercedes-Benz', 'EQS SUV', 2023, GETDATE(), NULL),
(@mb_eqssuv_2024, 'Mercedes-Benz', 'EQS SUV', 2024, GETDATE(), NULL),
(@mb_eqssuv_2025, 'Mercedes-Benz', 'EQS SUV', 2025, GETDATE(), NULL);



INSERT INTO customers (id, first_name, last_name, phone_number, email, address, created_at) VALUES
('850e8400-e29b-41d4-a716-446655440001', 'Minh', 'Nguyễn Văn', '0901234567', 'minh.nv@gmail.com', '123 Nguyễn Huệ, Quận 1, TP.HCM', GETDATE()),
('850e8400-e29b-41d4-a716-446655440002', 'Lan', 'Trần Thị', '0902345678', 'lan.tt@gmail.com', '456 Lê Lợi, Quận 1, TP.HCM', GETDATE()),
('850e8400-e29b-41d4-a716-446655440003', 'Hùng', 'Lê Văn', '0903456789', 'hung.lv@gmail.com', '789 Hai Bà Trưng, Quận 3, TP.HCM', GETDATE()),
('850e8400-e29b-41d4-a716-446655440004', 'Hoa', 'Phạm Thị', '0904567890', 'hoa.pt@gmail.com', '321 Võ Văn Tần, Quận 3, TP.HCM', GETDATE()),
('850e8400-e29b-41d4-a716-446655440005', 'Tuấn', 'Hoàng Văn', '0905678901', 'tuan.hv@gmail.com', '654 Nguyễn Thị Minh Khai, Quận 1, TP.HCM', GETDATE()),
('850e8400-e29b-41d4-a716-446655440006', 'Linh', 'Vũ Thị', '0906789012', 'linh.vt@gmail.com', '987 Trần Hưng Đạo, Quận 5, TP.HCM', GETDATE()),
('850e8400-e29b-41d4-a716-446655440007', 'Đức', 'Đặng Văn', '0907890123', 'duc.dv@gmail.com', '159 Lý Thường Kiệt, Quận 10, TP.HCM', GETDATE()),
('850e8400-e29b-41d4-a716-446655440008', 'Mai', 'Bùi Thị', '0908901234', 'mai.bt@gmail.com', '753 Cách Mạng Tháng 8, Quận Tân Bình, TP.HCM', GETDATE()),
('850e8400-e29b-41d4-a716-446655440009', 'Nam', 'Võ Văn', '0909012345', 'nam.vv@gmail.com', '852 Lạc Long Quân, Quận 11, TP.HCM', GETDATE()),
('850e8400-e29b-41d4-a716-44665544000a', 'Thảo', 'Đinh Thị', '0900123456', 'thao.dt@gmail.com', '246 Âu Cơ, Quận Tân Phú, TP.HCM', GETDATE()),

('850e8400-e29b-41d4-a716-44665544000b', 'Phong', 'Ngô Văn', '0911234567', 'phong.nv@gmail.com', '135 Nguyễn Văn Cừ, Quận 5, TP.HCM', GETDATE()),
('850e8400-e29b-41d4-a716-44665544000c', 'Hương', 'Lý Thị', '0912345678', 'huong.lt@gmail.com', '468 Hoàng Văn Thụ, Quận Phú Nhuận, TP.HCM', GETDATE()),
('850e8400-e29b-41d4-a716-44665544000d', 'Bình', 'Trương Văn', '0913456789', 'binh.tv@gmail.com', '791 Điện Biên Phủ, Quận 3, TP.HCM', GETDATE()),
('850e8400-e29b-41d4-a716-44665544000e', 'Nga', 'Dương Thị', '0914567890', 'nga.dt@gmail.com', '357 Phan Đăng Lưu, Quận Phú Nhuận, TP.HCM', GETDATE()),
('850e8400-e29b-41d4-a716-44665544000f', 'Kiên', 'Phan Văn', '0915678901', 'kien.pv@gmail.com', '680 Xô Viết Nghệ Tĩnh, Quận Bình Thạnh, TP.HCM', GETDATE()),
('850e8400-e29b-41d4-a716-446655440010', 'Yến', 'Tô Thị', '0916789012', 'yen.tt@gmail.com', '913 Hồng Bàng, Quận 6, TP.HCM', GETDATE()),
('850e8400-e29b-41d4-a716-446655440011', 'Long', 'Cao Văn', '0917890123', 'long.cv@gmail.com', '147 Phạm Văn Đồng, Quận Bình Thạnh, TP.HCM', GETDATE()),
('850e8400-e29b-41d4-a716-446655440012', 'Trang', 'Lương Thị', '0918901234', 'trang.lt@gmail.com', '582 Lê Văn Sỹ, Quận 3, TP.HCM', GETDATE()),
('850e8400-e29b-41d4-a716-446655440013', 'Khánh', 'Đỗ Văn', '0919012345', 'khanh.dv@gmail.com', '926 Ba Tháng Hai, Quận 10, TP.HCM', GETDATE()),
('850e8400-e29b-41d4-a716-446655440014', 'Ánh', 'Hà Thị', '0910123456', 'anh.ht@gmail.com', '369 Tân Sơn Nhì, Quận Tân Phú, TP.HCM', GETDATE()),

('850e8400-e29b-41d4-a716-446655440015', 'Quân', 'Trịnh Văn', '0921234567', 'quan.tv@gmail.com', '78 Trần Quang Khải, Quận 1, TP.HCM', GETDATE()),
('850e8400-e29b-41d4-a716-446655440016', 'Chi', 'Võ Thị', '0922345678', 'chi.vt@gmail.com', '142 Yersin, Quận 1, TP.HCM', GETDATE()),
('850e8400-e29b-41d4-a716-446655440017', 'Thắng', 'Lâm Văn', '0923456789', 'thang.lv@gmail.com', '286 Nguyễn Trãi, Quận 1, TP.HCM', GETDATE()),
('850e8400-e29b-41d4-a716-446655440018', 'Nhung', 'Đào Thị', '0924567890', 'nhung.dt@gmail.com', '514 Võ Thị Sáu, Quận 3, TP.HCM', GETDATE()),
('850e8400-e29b-41d4-a716-446655440019', 'Sơn', 'Mai Văn', '0925678901', 'son.mv@gmail.com', '628 Nguyễn Đình Chiểu, Quận 3, TP.HCM', GETDATE()),
('850e8400-e29b-41d4-a716-44665544001a', 'Thúy', 'Trần Thị Thanh', '0926789012', 'thuy.ttt@gmail.com', '771 Pasteur, Quận 3, TP.HCM', GETDATE()),
('850e8400-e29b-41d4-a716-44665544001b', 'Dũng', 'Nguyễn Văn', '0927890123', 'dung.nv@gmail.com', '853 Nam Kỳ Khởi Nghĩa, Quận 3, TP.HCM', GETDATE()),
('850e8400-e29b-41d4-a716-44665544001c', 'Hằng', 'Phạm Thị', '0928901234', 'hang.pt@gmail.com', '965 Cộng Hòa, Quận Tân Bình, TP.HCM', GETDATE()),
('850e8400-e29b-41d4-a716-44665544001d', 'Tiến', 'Lê Văn', '0929012345', 'tien.lv@gmail.com', '177 Hoàng Hoa Thám, Quận Tân Bình, TP.HCM', GETDATE()),
('850e8400-e29b-41d4-a716-44665544001e', 'Vy', 'Hoàng Thị', '0920123456', 'vy.ht@gmail.com', '389 Trường Chinh, Quận Tân Bình, TP.HCM', GETDATE()),

('850e8400-e29b-41d4-a716-44665544001f', 'Đạt', 'Vũ Văn', '0931234567', 'dat.vv@gmail.com', '512 Nguyễn Kiệm, Quận Phú Nhuận, TP.HCM', GETDATE()),
('850e8400-e29b-41d4-a716-446655440020', 'Giang', 'Đặng Thị', '0932345678', 'giang.dt@gmail.com', '643 Nguyễn Văn Trỗi, Quận Phú Nhuận, TP.HCM', GETDATE()),
('850e8400-e29b-41d4-a716-446655440021', 'Hải', 'Bùi Văn', '0933456789', 'hai.bv@gmail.com', '775 Hoa Lan, Quận Phú Nhuận, TP.HCM', GETDATE()),
('850e8400-e29b-41d4-a716-446655440022', 'Ngọc', 'Võ Thị', '0934567890', 'ngoc.vt@gmail.com', '886 Ung Văn Khiêm, Quận Bình Thạnh, TP.HCM', GETDATE()),
('850e8400-e29b-41d4-a716-446655440023', 'Trung', 'Ngô Văn', '0935678901', 'trung.nv@gmail.com', '918 Đinh Tiên Hoàng, Quận Bình Thạnh, TP.HCM', GETDATE()),
('850e8400-e29b-41d4-a716-446655440024', 'Thanh', 'Lý Thị', '0936789012', 'thanh.lt@gmail.com', '241 Nơ Trang Long, Quận Bình Thạnh, TP.HCM', GETDATE()),
('850e8400-e29b-41d4-a716-446655440025', 'Cường', 'Trương Văn', '0937890123', 'cuong.tv@gmail.com', '367 Bạch Đằng, Quận Bình Thạnh, TP.HCM', GETDATE()),
('850e8400-e29b-41d4-a716-446655440026', 'Phương', 'Dương Thị', '0938901234', 'phuong.dt@gmail.com', '494 Lê Quang Định, Quận Bình Thạnh, TP.HCM', GETDATE()),
('850e8400-e29b-41d4-a716-446655440027', 'Huy', 'Phan Văn', '0939012345', 'huy.pv@gmail.com', '628 D2, Quận Bình Thạnh, TP.HCM', GETDATE()),
('850e8400-e29b-41d4-a716-446655440028', 'Thu', 'Tô Thị', '0930123456', 'thu.tt@gmail.com', '751 D1, Quận Bình Thạnh, TP.HCM', GETDATE()),

('850e8400-e29b-41d4-a716-446655440029', 'Khoa', 'Cao Văn', '0941234567', 'khoa.cv@gmail.com', '892 Quang Trung, Quận Gò Vấp, TP.HCM', GETDATE()),
('850e8400-e29b-41d4-a716-44665544002a', 'Duyên', 'Lương Thị', '0942345678', 'duyen.lt@gmail.com', '134 Nguyễn Oanh, Quận Gò Vấp, TP.HCM', GETDATE()),
('850e8400-e29b-41d4-a716-44665544002b', 'Tài', 'Đỗ Văn', '0943456789', 'tai.dv@gmail.com', '267 Phan Văn Trị, Quận Gò Vấp, TP.HCM', GETDATE()),
('850e8400-e29b-41d4-a716-44665544002c', 'Xuân', 'Hà Thị', '0944567890', 'xuan.ht@gmail.com', '398 Lê Đức Thọ, Quận Gò Vấp, TP.HCM', GETDATE()),
('850e8400-e29b-41d4-a716-44665544002d', 'Vinh', 'Trịnh Văn', '0945678901', 'vinh.tv@gmail.com', '521 Phan Huy Ích, Quận Gò Vấp, TP.HCM', GETDATE()),
('850e8400-e29b-41d4-a716-44665544002e', 'Diệu', 'Võ Thị', '0946789012', 'dieu.vt@gmail.com', '654 Nguyễn Văn Lượng, Quận Gò Vấp, TP.HCM', GETDATE()),
('850e8400-e29b-41d4-a716-44665544002f', 'Toàn', 'Lâm Văn', '0947890123', 'toan.lv@gmail.com', '787 Thống Nhất, Quận Gò Vấp, TP.HCM', GETDATE()),
('850e8400-e29b-41d4-a716-446655440030', 'My', 'Đào Thị', '0948901234', 'my.dt@gmail.com', '819 Võ Văn Ngân, Quận Thủ Đức, TP.HCM', GETDATE()),
('850e8400-e29b-41d4-a716-446655440031', 'Hiếu', 'Mai Văn', '0949012345', 'hieu.mv@gmail.com', '952 Tô Ngọc Vân, Quận Thủ Đức, TP.HCM', GETDATE()),
('850e8400-e29b-41d4-a716-446655440032', 'Loan', 'Trần Thị', '0940123456', 'loan.tt@gmail.com', '186 Kha Vạn Cân, Quận Thủ Đức, TP.HCM', GETDATE()),

('850e8400-e29b-41d4-a716-446655440033', 'An', 'Nguyễn Văn', '0951234567', 'an.nv@gmail.com', '314 Hoàng Diệu 2, Quận Thủ Đức, TP.HCM', GETDATE()),
('850e8400-e29b-41d4-a716-446655440034', 'Nhi', 'Phạm Thị', '0952345678', 'nhi.pt@gmail.com', '447 Man Thiện, Quận 9, TP.HCM', GETDATE()),
('850e8400-e29b-41d4-a716-446655440035', 'Bảo', 'Lê Văn', '0953456789', 'bao.lv@gmail.com', '579 Đỗ Xuân Hợp, Quận 9, TP.HCM', GETDATE()),
('850e8400-e29b-41d4-a716-446655440036', 'Tâm', 'Hoàng Thị', '0954567890', 'tam.ht@gmail.com', '612 Lê Văn Việt, Quận 9, TP.HCM', GETDATE()),
('850e8400-e29b-41d4-a716-446655440037', 'Hưng', 'Vũ Văn', '0955678901', 'hungvu.vv@gmail.com', '745 Xa Lộ Hà Nội, Quận 9, TP.HCM', GETDATE()),
('850e8400-e29b-41d4-a716-446655440038', 'Thư', 'Đặng Thị', '0956789012', 'thu.dt@gmail.com', '878 Đỗ Bí, Quận 12, TP.HCM', GETDATE()),
('850e8400-e29b-41d4-a716-446655440039', 'Quang', 'Bùi Văn', '0957890123', 'quang.bv@gmail.com', '921 Tô Ký, Quận 12, TP.HCM', GETDATE()),
('850e8400-e29b-41d4-a716-44665544003a', 'Vân', 'Võ Thị', '0958901234', 'van.vt@gmail.com', '154 Lê Thị Riêng, Quận 12, TP.HCM', GETDATE()),
('850e8400-e29b-41d4-a716-44665544003b', 'Dương', 'Ngô Văn', '0959012345', 'duong.nv@gmail.com', '287 Hà Huy Giáp, Quận 12, TP.HCM', GETDATE()),
('850e8400-e29b-41d4-a716-44665544003c', 'Trinh', 'Lý Thị', '0950123456', 'trinh.lt@gmail.com', '419 Trường Chinh, Quận 12, TP.HCM', GETDATE()),

('850e8400-e29b-41d4-a716-44665544003d', 'Hoàng', 'Trương Văn', '0961234567', 'hoang.tv@gmail.com', '542 Hậu Giang, Quận 6, TP.HCM', GETDATE()),
('850e8400-e29b-41d4-a716-44665544003e', 'Nhã', 'Dương Thị', '0962345678', 'nha.dt@gmail.com', '675 Phú Thọ Hòa, Quận Tân Phú, TP.HCM', GETDATE()),
('850e8400-e29b-41d4-a716-44665544003f', 'Tâm', 'Phan Văn', '0963456789', 'tamphan.pv@gmail.com', '708 Tân Kỳ Tân Quý, Quận Tân Phú, TP.HCM', GETDATE()),
('850e8400-e29b-41d4-a716-446655440040', 'Hạnh', 'Tô Thị', '0964567890', 'hanh.tt@gmail.com', '831 Trường Sa, Quận Phú Nhuận, TP.HCM', GETDATE()),
('850e8400-e29b-41d4-a716-446655440041', 'Khang', 'Cao Văn', '0965678901', 'khang.cv@gmail.com', '964 Nguyễn Văn Đậu, Quận Bình Thạnh, TP.HCM', GETDATE()),
('850e8400-e29b-41d4-a716-446655440042', 'Như', 'Lương Thị', '0966789012', 'nhu.lt@gmail.com', '197 Ngô Tất Tố, Quận Bình Thạnh, TP.HCM', GETDATE()),
('850e8400-e29b-41d4-a716-446655440043', 'Đăng', 'Đỗ Văn', '0967890123', 'dang.dv@gmail.com', '329 Bùi Đình Túy, Quận Bình Thạnh, TP.HCM', GETDATE()),
('850e8400-e29b-41d4-a716-446655440044', 'Oanh', 'Hà Thị', '0968901234', 'oanh.ht@gmail.com', '452 Nguyễn Xí, Quận Bình Thạnh, TP.HCM', GETDATE()),
('850e8400-e29b-41d4-a716-446655440045', 'Phúc', 'Trịnh Văn', '0969012345', 'phuc.tv@gmail.com', '585 Đinh Bộ Lĩnh, Quận Bình Thạnh, TP.HCM', GETDATE()),
('850e8400-e29b-41d4-a716-446655440046', 'Liên', 'Võ Thị', '0960123456', 'lien.vt@gmail.com', '718 Nguyễn Hữu Cảnh, Quận Bình Thạnh, TP.HCM', GETDATE()),

('850e8400-e29b-41d4-a716-446655440047', 'Tuấn', 'Lâm Văn', '0971234567', 'tuanlam.lv@gmail.com', '841 Mai Chí Thọ, Quận 2, TP.HCM', GETDATE()),
('850e8400-e29b-41d4-a716-446655440048', 'Quyên', 'Đào Thị', '0972345678', 'quyen.dt@gmail.com', '174 Lương Định Của, Quận 2, TP.HCM', GETDATE()),
('850e8400-e29b-41d4-a716-446655440049', 'Thịnh', 'Mai Văn', '0973456789', 'thinh.mv@gmail.com', '306 Nguyễn Duy Trinh, Quận 2, TP.HCM', GETDATE()),
('850e8400-e29b-41d4-a716-44665544004a', 'Kim', 'Trần Thị', '0974567890', 'kim.tt@gmail.com', '439 Trần Não, Quận 2, TP.HCM', GETDATE()),
('850e8400-e29b-41d4-a716-44665544004b', 'Thiện', 'Nguyễn Văn', '0975678901', 'thien.nv@gmail.com', '572 Xa Lộ Hà Nội, Quận 2, TP.HCM', GETDATE()),
('850e8400-e29b-41d4-a716-44665544004c', 'Hiền', 'Phạm Thị', '0976789012', 'hien.pt@gmail.com', '605 Quốc Hương, Quận 2, TP.HCM', GETDATE()),
('850e8400-e29b-41d4-a716-44665544004d', 'Tùng', 'Lê Văn', '0977890123', 'tung.lv@gmail.com', '738 Nguyễn Ư Dĩ, Quận 2, TP.HCM', GETDATE()),
('850e8400-e29b-41d4-a716-44665544004e', 'Hồng', 'Hoàng Thị', '0978901234', 'hong.ht@gmail.com', '861 Nguyễn Thị Định, Quận 2, TP.HCM', GETDATE()),
('850e8400-e29b-41d4-a716-44665544004f', 'Đức', 'Vũ Văn', '0979012345', 'ducvu.vv@gmail.com', '194 Song Hành, Quận 2, TP.HCM', GETDATE()),
('850e8400-e29b-41d4-a716-446655440050', 'Tuyết', 'Đặng Thị', '0970123456', 'tuyet.dt@gmail.com', 'RetryMContinuesql327 Đồng Văn Cống, Quận 2, TP.HCM', GETDATE()),

('850e8400-e29b-41d4-a716-446655440051', 'Hải', 'Bùi Văn', '0981234567', 'haibui.bv@gmail.com', '459 Phạm Văn Nghị, Quận Tân Phú, TP.HCM', GETDATE()),
('850e8400-e29b-41d4-a716-446655440052', 'Ngân', 'Võ Thị', '0982345678', 'ngan.vt@gmail.com', '592 Tân Hương, Quận Tân Phú, TP.HCM', GETDATE()),
('850e8400-e29b-41d4-a716-446655440053', 'Lâm', 'Ngô Văn', '0983456789', 'lam.nv@gmail.com', '625 Tây Thạnh, Quận Tân Phú, TP.HCM', GETDATE()),
('850e8400-e29b-41d4-a716-446655440054', 'Dung', 'Lý Thị', '0984567890', 'dung.lt@gmail.com', '758 Lũy Bán Bích, Quận Tân Phú, TP.HCM', GETDATE()),
('850e8400-e29b-41d4-a716-446655440055', 'Việt', 'Trương Văn', '0985678901', 'viet.tv@gmail.com', '881 Bình Long, Quận Tân Phú, TP.HCM', GETDATE()),
('850e8400-e29b-41d4-a716-446655440056', 'Huyền', 'Dương Thị', '0986789012', 'huyen.dt@gmail.com', '214 Đào Duy Anh, Quận Phú Nhuận, TP.HCM', GETDATE()),
('850e8400-e29b-41d4-a716-446655440057', 'Tân', 'Phan Văn', '0987890123', 'tan.pv@gmail.com', '347 Phan Đình Phùng, Quận Phú Nhuận, TP.HCM', GETDATE()),
('850e8400-e29b-41d4-a716-446655440058', 'Châu', 'Tô Thị', '0988901234', 'chau.tt@gmail.com', '479 Trần Huy Liệu, Quận Phú Nhuận, TP.HCM', GETDATE()),
('850e8400-e29b-41d4-a716-446655440059', 'Phát', 'Cao Văn', '0989012345', 'phat.cv@gmail.com', '512 Huỳnh Văn Bánh, Quận Phú Nhuận, TP.HCM', GETDATE()),
('850e8400-e29b-41d4-a716-44665544005a', 'Trâm', 'Lương Thị', '0980123456', 'tram.lt@gmail.com', '645 Phạm Ngọc Thạch, Quận 3, TP.HCM', GETDATE()),

('850e8400-e29b-41d4-a716-44665544005b', 'Sỹ', 'Đỗ Văn', '0991234567', 'sy.dv@gmail.com', '778 Lý Chính Thắng, Quận 3, TP.HCM', GETDATE()),
('850e8400-e29b-41d4-a716-44665544005c', 'Hà', 'Hà Thị', '0992345678', 'ha.ht@gmail.com', '811 Trần Quốc Thảo, Quận 3, TP.HCM', GETDATE()),
('850e8400-e29b-41d4-a716-44665544005d', 'Hưng', 'Trịnh Văn', '0993456789', 'hungtrinh.tv@gmail.com', '944 Võ Văn Tần, Quận 3, TP.HCM', GETDATE()),
('850e8400-e29b-41d4-a716-44665544005e', 'Uyên', 'Võ Thị', '0994567890', 'uyen.vt@gmail.com', '177 Cô Giang, Quận 1, TP.HCM', GETDATE()),
('850e8400-e29b-41d4-a716-44665544005f', 'Kiệt', 'Lâm Văn', '0995678901', 'kiet.lv@gmail.com', '209 Ký Con, Quận 1, TP.HCM', GETDATE()),
('850e8400-e29b-41d4-a716-446655440060', 'Hạ', 'Đào Thị', '0996789012', 'ha.dt@gmail.com', '342 Tôn Thất Đạm, Quận 1, TP.HCM', GETDATE()),
('850e8400-e29b-41d4-a716-446655440061', 'Minh', 'Mai Văn', '0997890123', 'minhmai.mv@gmail.com', '475 Lý Tự Trọng, Quận 1, TP.HCM', GETDATE()),
('850e8400-e29b-41d4-a716-446655440062', 'Thùy', 'Trần Thị', '0998901234', 'thuy.tt@gmail.com', '508 Mạc Thị Bưởi, Quận 1, TP.HCM', GETDATE()),
('850e8400-e29b-41d4-a716-446655440063', 'Công', 'Nguyễn Văn', '0999012345', 'cong.nv@gmail.com', '631 Đồng Khởi, Quận 1, TP.HCM', GETDATE()),
('850e8400-e29b-41d4-a716-446655440064', 'Thảo', 'Phạm Thị', '0990123456', 'thaopham.pt@gmail.com', '764 Lê Thánh Tôn, Quận 1, TP.HCM', GETDATE());


INSERT INTO vehicles (id, vin, license_plate, customer_id, model_id, purchase_date, created_at)
VALUES
('750e8400-e29b-41d4-a716-446655440001', 'VF8ABC123XYZ45678', '1HGBH41JXMN109186', '850e8400-e29b-41d4-a716-446655440001', @vf8_2023, '2023-03-15', GETDATE()),
('750e8400-e29b-41d4-a716-446655440002', 'VF9DEF456ABC78901', '2T3ZFREV8HW345678', '850e8400-e29b-41d4-a716-446655440002', @vf9_2024, '2024-01-20', GETDATE()),
('750e8400-e29b-41d4-a716-446655440003', 'VFE34GHJ789DEF234', '5YJSA1E26HF234567', '850e8400-e29b-41d4-a716-446655440003', @vfe34_2023, '2023-07-10', GETDATE()),
('750e8400-e29b-41d4-a716-446655440004', 'VF5KLM012GHJ567', '3VW2B7AJ9KM456789', '850e8400-e29b-41d4-a716-446655440004', @vf5_2024, '2024-05-22', GETDATE()),
('750e8400-e29b-41d4-a716-446655440005', 'VF6NOP345KLM890', 'WBAJF1C59JA567890', '850e8400-e29b-41d4-a716-446655440005', @vf6_2024, '2024-08-14', GETDATE()),
('750e8400-e29b-41d4-a716-446655440006', 'VF7PQR678NOP123', 'KNDCC3L74M7345678', '850e8400-e29b-41d4-a716-446655440006', @vf7_2025, '2025-02-18', GETDATE()),
('750e8400-e29b-41d4-a716-446655440007', 'VF3STU901PQR456', 'JM1DKFC75M0234567', '850e8400-e29b-41d4-a716-446655440007', @vf3_2024, '2024-06-30', GETDATE()),
('750e8400-e29b-41d4-a716-446655440008', 'BYD8VWX234STU789', '4T1BF1FK7GU456789', '850e8400-e29b-41d4-a716-446655440008', @byd_atto3_2023, '2023-09-12', GETDATE()),
('750e8400-e29b-41d4-a716-446655440009', 'BYDDOL567VWX123', 'JTDKARFP8K3234567', '850e8400-e29b-41d4-a716-446655440009', @byd_dolphin_2024, '2024-03-25', GETDATE()),
('750e8400-e29b-41d4-a716-44665544000a', 'BYDSEA890YZA567', '1C4RJFBG2JC567890', '850e8400-e29b-41d4-a716-44665544000a', @byd_seal_2023, '2023-11-08', GETDATE()),
('750e8400-e29b-41d4-a716-44665544000b', 'BYDTAN123BCD789', '5UXCR6C03L9345678', '850e8400-e29b-41d4-a716-44665544000b', @byd_tang_2024, '2024-04-17', GETDATE()),
('750e8400-e29b-41d4-a716-44665544000c', 'BYDSLU456EFG901', 'WDDWJ8GB3KF234567', '850e8400-e29b-41d4-a716-44665544000c', @byd_sealu_2025, '2025-01-09', GETDATE()),
('750e8400-e29b-41d4-a716-44665544000d', 'BYDM6J789HJK234', '3GNAXUEV9ML456789', '850e8400-e29b-41d4-a716-44665544000d', @byd_m6_2024, '2024-07-21', GETDATE()),
('750e8400-e29b-41d4-a716-44665544000e', 'MBEQA012KLM567', '2HGFC2F59MH567890', '850e8400-e29b-41d4-a716-44665544000e', @mb_eqa_2023, '2023-05-13', GETDATE()),
('750e8400-e29b-41d4-a716-44665544000f', 'MBEQB345NOP890', 'WAUFFAFL2HN234567', '850e8400-e29b-41d4-a716-44665544000f', @mb_eqb_2024, '2024-09-05', GETDATE()),
('750e8400-e29b-41d4-a716-446655440010', 'MBEQC678PQR123', '1FMCU9GD7KUA45678', '850e8400-e29b-41d4-a716-446655440010', @mb_eqc_2023, '2023-12-19', GETDATE()),
('750e8400-e29b-41d4-a716-446655440011', 'MBEQE901STU456', 'KM8J33A49MU567890', '850e8400-e29b-41d4-a716-446655440011', @mb_eqe_2024, '2024-02-28', GETDATE()),
('750e8400-e29b-41d4-a716-446655440012', 'MBEQESUV234VWX789', '5NPD84LF9KH234567', '850e8400-e29b-41d4-a716-446655440012', @mb_eqesuv_2025, '2025-06-11', GETDATE()),
('750e8400-e29b-41d4-a716-446655440013', 'MBEQS567YZA012', 'JN8AZ2NE2M9345678', '850e8400-e29b-41d4-a716-446655440013', @mb_eqs_2023, '2023-08-07', GETDATE()),
('750e8400-e29b-41d4-a716-446655440014', 'MBEQSSUV890BCD345', '1G1ZE5ST8MF456789', '850e8400-e29b-41d4-a716-446655440014', @mb_eqssuv_2024, '2024-10-15', GETDATE()),
('750e8400-e29b-41d4-a716-446655440015', 'VF8EFG123HJK678', '3MW39FS05R8567890', '850e8400-e29b-41d4-a716-446655440015', @vf8_2024, '2024-12-03', GETDATE()),
('750e8400-e29b-41d4-a716-446655440016', 'VF9KLM456NOP901', 'JTHBK1GG9M2234567', '850e8400-e29b-41d4-a716-446655440016', @vf9_2023, '2023-04-26', GETDATE()),
('750e8400-e29b-41d4-a716-446655440017', 'VFE34PQR789STU234', 'WBA3B3C55EK345678', '850e8400-e29b-41d4-a716-446655440017', @vfe34_2024, '2024-11-12', GETDATE()),
('750e8400-e29b-41d4-a716-446655440018', 'VF5VWX012YZA567', 'SALWR2TF9KA456789', '850e8400-e29b-41d4-a716-446655440018', @vf5_2025, '2025-03-08', GETDATE()),
('750e8400-e29b-41d4-a716-446655440019', 'VF6BCD345EFG890', 'YV4H60CF8M1567890', '850e8400-e29b-41d4-a716-446655440019', @vf6_2025, '2025-07-19', GETDATE()),
('750e8400-e29b-41d4-a716-44665544001a', 'VF7HJK678KLM123', 'ZFF79ALA6M0234567', '850e8400-e29b-41d4-a716-44665544001a', @vf7_2024, '2024-01-31', GETDATE()),
('750e8400-e29b-41d4-a716-44665544001b', 'VF3NOP901PQR456', '19VDE1F38ME345678', '850e8400-e29b-41d4-a716-44665544001b', @vf3_2025, '2025-05-14', GETDATE()),
('750e8400-e29b-41d4-a716-44665544001c', 'BYDATT234STU789', '5YFBURHE7MP456789', '850e8400-e29b-41d4-a716-44665544001c', @byd_atto3_2024, '2024-08-27', GETDATE()),
('750e8400-e29b-41d4-a716-44665544001d', 'BYDDOL567VWX012', 'WMWXP7C51KWR67890', '850e8400-e29b-41d4-a716-44665544001d', @byd_dolphin_2025, '2025-09-16', GETDATE()),
('750e8400-e29b-41d4-a716-44665544001e', 'BYDSEA890YZA345', 'KNDJT2A20M7234567', '850e8400-e29b-41d4-a716-44665544001e', @byd_seal_2024, '2024-06-05', GETDATE()),
('750e8400-e29b-41d4-a716-44665544001f', 'BYDTAN123BCD678', 'ML32A3HJ3MH345678', '850e8400-e29b-41d4-a716-44665544001f', @byd_tang_2025, '2025-10-22', GETDATE()),
('750e8400-e29b-41d4-a716-446655440020', 'BYDSLU456EFG900', 'JTMBFREV0MJ456789', '850e8400-e29b-41d4-a716-446655440020', @byd_sealu_2024, '2024-03-11', GETDATE()),
('750e8400-e29b-41d4-a716-446655440021', 'BYDM6J789HJL234', '1N4BL4EV8MN567890', '850e8400-e29b-41d4-a716-446655440021', @byd_m6_2025, '2025-04-29', GETDATE()),
('750e8400-e29b-41d4-a716-446655440022', 'MBEQA012MMM567', 'WVWZZZ3CZMW234567', '850e8400-e29b-41d4-a716-446655440022', @mb_eqa_2024, '2024-07-07', GETDATE()),
('750e8400-e29b-41d4-a716-446655440023', 'MBEQB345NOP891', '2C4RDGCG9MR345678', '850e8400-e29b-41d4-a716-446655440023', @mb_eqb_2025, '2025-08-18', GETDATE()),
('750e8400-e29b-41d4-a716-446655440024', 'MBEQC678PQR120', 'SAJDA1CH1MCP56789', '850e8400-e29b-41d4-a716-446655440024', @mb_eqc_2024, '2024-02-14', GETDATE()),
('750e8400-e29b-41d4-a716-446655440025', 'MBEQE901STU458', 'WBA8E9C50KAK67890', '850e8400-e29b-41d4-a716-446655440025', @mb_eqe_2025, '2025-01-06', GETDATE()),
('750e8400-e29b-41d4-a716-446655440026', 'MBEQESUV234VWX780', '5YMGZ0C21M0234567', '850e8400-e29b-41d4-a716-446655440026', @mb_eqesuv_2024, '2024-05-23', GETDATE()),
('750e8400-e29b-41d4-a716-446655440027', 'MBEQS567YZA010', '1FTEW1E50MKE45678', '850e8400-e29b-41d4-a716-446655440027', @mb_eqs_2024, '2024-09-30', GETDATE()),
('750e8400-e29b-41d4-a716-446655440028', 'MBEQSSUV890BCD045', 'KNDMC3LD6M6456789', '850e8400-e29b-41d4-a716-446655440028', @mb_eqssuv_2025, '2025-02-25', GETDATE()),
('750e8400-e29b-41d4-a716-446655440029', 'VF8GHJ345KLM078', 'JN1AZ4EH4MM567890', '850e8400-e29b-41d4-a716-446655440029', @vf8_2025, '2025-06-13', GETDATE()),
('750e8400-e29b-41d4-a716-44665544002a', 'VF9NOP678PQR001', '5YJSA1E14HF234567', '850e8400-e29b-41d4-a716-44665544002a', @vf9_2025, '2025-03-19', GETDATE()),
('750e8400-e29b-41d4-a716-44665544002b', 'VFE34STU901VWX034', 'WDDUX8EB7MA345678', '850e8400-e29b-41d4-a716-44665544002b', @vfe34_2025, '2025-07-04', GETDATE()),
('750e8400-e29b-41d4-a716-44665544002c', 'VF5YZA234BCD067', '1G1BE5SM2M7456789', '850e8400-e29b-41d4-a716-44665544002c', @vf5_2023, '2023-10-28', GETDATE()),
('750e8400-e29b-41d4-a716-44665544002d', 'VF6EFG567HJK090', 'ZACCJBBN0MPZ67890', '850e8400-e29b-41d4-a716-44665544002d', @vf6_2024, '2024-12-09', GETDATE()),
('750e8400-e29b-41d4-a716-44665544002e', 'VF7KLM890NOP023', 'JM3TCBCY9M0234567', '850e8400-e29b-41d4-a716-44665544002e', @vf7_2025, '2025-04-16', GETDATE()),
('750e8400-e29b-41d4-a716-44665544002f', 'VF3PQR123STU056', '3CZRU6H78MG345678', '850e8400-e29b-41d4-a716-44665544002f', @vf3_2024, '2024-11-21', GETDATE()),
('750e8400-e29b-41d4-a716-446655440030', 'BYDATT789VWX112', 'YV1A22MK4M2456789', '850e8400-e29b-41d4-a716-446655440030', @byd_atto3_2025, '2025-08-03', GETDATE()),
('750e8400-e29b-41d4-a716-446655440031', 'BYDDOL012YZA045', 'KL1TD6DE3MB567890', '850e8400-e29b-41d4-a716-446655440031', @byd_dolphin_2023, '2023-06-17', GETDATE()),
('750e8400-e29b-41d4-a716-446655440032', 'BYDSEA345BCD078', 'JTDZN3EU7MJ234567', '850e8400-e29b-41d4-a716-446655440032', @byd_seal_2025, '2025-09-28', GETDATE()),
('750e8400-e29b-41d4-a716-446655440033', 'VF8VWX678EFG001', 'WP0AA2A98MS345678', '850e8400-e29b-41d4-a716-446655440033', @vf8_2023, '2023-02-11', GETDATE()),
('750e8400-e29b-41d4-a716-446655440034', 'VF9YZA901HJK034', '1FMCU9HD3MUA56789', '850e8400-e29b-41d4-a716-446655440034', @vf9_2024, '2024-05-08', GETDATE()),
('750e8400-e29b-41d4-a716-446655440035', 'VFE34BCD234KLM567', 'KNDJ23AU2M7567890', '850e8400-e29b-41d4-a716-446655440035', @vfe34_2022, '2023-01-24', GETDATE()),
('750e8400-e29b-41d4-a716-446655440036', 'VF5EFG567NOP890', 'LRBFXBSA4MD234567', '850e8400-e29b-41d4-a716-446655440036', @vf5_2024, '2024-08-20', GETDATE()),
('750e8400-e29b-41d4-a716-446655440037', 'VF6HJK890PQR123', '2GNAXUEV2M6345678', '850e8400-e29b-41d4-a716-446655440037', @vf6_2025, '2025-10-05', GETDATE()),
('750e8400-e29b-41d4-a716-446655440038', 'VF7KLM123STU456', 'VF1RFB00567456789', '850e8400-e29b-41d4-a716-446655440038', @vf7_2024, '2024-03-14', GETDATE()),
('750e8400-e29b-41d4-a716-446655440039', 'VF3NOP456VWX789', 'ZHWGJ6AT1MLA67890', '850e8400-e29b-41d4-a716-446655440039', @vf3_2025, '2025-07-27', GETDATE()),
('750e8400-e29b-41d4-a716-44665544003a', 'BYDATT789YZA012', '5YJSA1E40KF234567', '850e8400-e29b-41d4-a716-44665544003a', @byd_atto3_2022, '2023-03-02', GETDATE()),
('750e8400-e29b-41d4-a716-44665544003b', 'BYDDOL012BCD345', 'WBA5A5C53MD345678', '850e8400-e29b-41d4-a716-44665544003b', @byd_dolphin_2024, '2024-06-18', GETDATE()),
('750e8400-e29b-41d4-a716-44665544003c', 'BYDSEA345EFG678', 'WAUENAF44MN456789', '850e8400-e29b-41d4-a716-44665544003c', @byd_seal_2023, '2023-11-30', GETDATE()),
('750e8400-e29b-41d4-a716-44665544003d', 'BYDTAN678HJK901', '1HGCV1F36MA567890', '850e8400-e29b-41d4-a716-44665544003d', @byd_tang_2024, '2024-09-11', GETDATE()),
('750e8400-e29b-41d4-a716-44665544003e', 'BYDSLU901KLM234', 'JF2GTALC0MH234567', '850e8400-e29b-41d4-a716-44665544003e', @byd_sealu_2025, '2025-01-23', GETDATE()),
('750e8400-e29b-41d4-a716-44665544003f', 'BYDM6J234NOP567', '3VW2B7AJ8MM345678', '850e8400-e29b-41d4-a716-44665544003f', @byd_m6_2024, '2024-04-07', GETDATE()),
('750e8400-e29b-41d4-a716-446655440040', 'MBEQA567PQR890', 'WDDGF8BB9MR456789', '850e8400-e29b-41d4-a716-446655440040', @mb_eqa_2025, '2025-05-19', GETDATE()),
('750e8400-e29b-41d4-a716-446655440041', 'MBEQB890STU123', 'SALGA2EV7MA567890', '850e8400-e29b-41d4-a716-446655440041', @mb_eqb_2023, '2023-08-25', GETDATE()),
('750e8400-e29b-41d4-a716-446655440042', 'MBEQC123VWX456', 'JN1BJ1CR8MW234567', '850e8400-e29b-41d4-a716-446655440042', @mb_eqc_2022, '2023-12-13', GETDATE()),
('750e8400-e29b-41d4-a716-446655440043', 'MBEQE456YZA789', 'WP1AE2A28MLA45678', '850e8400-e29b-41d4-a716-446655440043', @mb_eqe_2023, '2023-04-08', GETDATE()),
('750e8400-e29b-41d4-a716-446655440044', 'MBEQESUV789BCD012', '1C4RJFAG9MC456789', '850e8400-e29b-41d4-a716-446655440044', @mb_eqesuv_2024, '2024-10-01', GETDATE()),
('750e8400-e29b-41d4-a716-446655440045', 'MBEQS012EFG345', '5UXCR4C04M9567890', '850e8400-e29b-41d4-a716-446655440045', @mb_eqs_2025, '2025-02-16', GETDATE()),
('750e8400-e29b-41d4-a716-446655440046', 'MBEQSSUV345HJK678', 'WAUZZZ4G4MN234567', '850e8400-e29b-41d4-a716-446655440046', @mb_eqssuv_2023, '2023-07-22', GETDATE()),
('750e8400-e29b-41d4-a716-446655440047', 'VF8KLM678NOP901', '2T3P1RFV8MW345678', '850e8400-e29b-41d4-a716-446655440047', @vf8_2024, '2024-11-06', GETDATE()),
('750e8400-e29b-41d4-a716-446655440048', 'VF9PQR901STU234', '5YJSA1E22MF456789', '850e8400-e29b-41d4-a716-446655440048', @vf9_2025, '2025-03-29', GETDATE()),
('750e8400-e29b-41d4-a716-446655440049', 'VFE34VWX234YZA567', 'KNDJT2A60M7567890', '850e8400-e29b-41d4-a716-446655440049', @vfe34_2023, '2023-09-14', GETDATE()),
('750e8400-e29b-41d4-a716-44665544004a', 'VF5BCD567EFG890', 'ML32A3HJ8MH234567', '850e8400-e29b-41d4-a716-44665544004a', @vf5_2025, '2025-06-21', GETDATE()),
('750e8400-e29b-41d4-a716-44665544004b', 'VF6GHJ890KLM123', 'JTMBFREV4MJ345678', '850e8400-e29b-41d4-a716-44665544004b', @vf6_2024, '2024-01-18', GETDATE()),
('750e8400-e29b-41d4-a716-44665544004c', 'VF7NOP123PQR456', '1N4BL4EV2MN456789', '850e8400-e29b-41d4-a716-44665544004c', @vf7_2025, '2025-08-09', GETDATE()),
('750e8400-e29b-41d4-a716-44665544004d', 'VF3STU456VWX789', 'WVWZZZ3CZMW567890', '850e8400-e29b-41d4-a716-44665544004d', @vf3_2024, '2024-04-25', GETDATE()),
('750e8400-e29b-41d4-a716-44665544004e', 'BYDATT789YZA112', '2C4RDGCG3MR234567', '850e8400-e29b-41d4-a716-44665544004e', @byd_atto3_2023, '2023-05-31', GETDATE()),
('750e8400-e29b-41d4-a716-44665544004f', 'BYDDOL012BCD045', 'SAJDA1CH5MCP45678', '850e8400-e29b-41d4-a716-44665544004f', @byd_dolphin_2025, '2025-10-17', GETDATE()),
('750e8400-e29b-41d4-a716-446655440050', 'BYDSEA345EFG078', 'WBA8E9C54KAK56789', '850e8400-e29b-41d4-a716-446655440050', @byd_seal_2024, '2024-02-03', GETDATE()),
('750e8400-e29b-41d4-a716-446655440051', 'BYDTAN678HJK001', '5YMGZ0C25M0567890', '850e8400-e29b-41d4-a716-446655440051', @byd_tang_2025, '2025-07-15', GETDATE()),
('750e8400-e29b-41d4-a716-446655440052', 'BYDSLU901KLM034', '1FTEW1E54MKE34567', '850e8400-e29b-41d4-a716-446655440052', @byd_sealu_2024, '2024-12-28', GETDATE()),
('750e8400-e29b-41d4-a716-446655440053', 'BYDM6J234NOP067', 'KNDMC3LD0M6345678', '850e8400-e29b-41d4-a716-446655440053', @byd_m6_2025, '2025-04-11', GETDATE()),
('750e8400-e29b-41d4-a716-446655440054', 'MBEQA567PQR800', 'JN1AZ4EH8MM456789', '850e8400-e29b-41d4-a716-446655440054', @mb_eqa_2023, '2023-06-06', GETDATE()),
('750e8400-e29b-41d4-a716-446655440055', 'MBEQB890STU103', '5YJSA1E18HF567890', '850e8400-e29b-41d4-a716-446655440055', @mb_eqb_2024, '2024-09-19', GETDATE()),
('750e8400-e29b-41d4-a716-446655440056', 'MBEQC123VWX406', 'WDDUX8EB1MA234567', '850e8400-e29b-41d4-a716-446655440056', @mb_eqc_2023, '2023-10-12', GETDATE()),
('750e8400-e29b-41d4-a716-446655440057', 'MBEQE456YZA709', '1G1BE5SM6M7345678', '850e8400-e29b-41d4-a716-446655440057', @mb_eqe_2024, '2024-05-27', GETDATE()),
('750e8400-e29b-41d4-a716-446655440058', 'MBEQESUV789BCD002', 'ZACCJBBN4MPZ56789', '850e8400-e29b-41d4-a716-446655440058', @mb_eqesuv_2025, '2025-01-14', GETDATE()),
('750e8400-e29b-41d4-a716-446655440059', 'MBEQS012EFG305', 'JM3TCBCY3M0567890', '850e8400-e29b-41d4-a716-446655440059', @mb_eqs_2024, '2024-07-30', GETDATE()),
('750e8400-e29b-41d4-a716-44665544005a', 'MBEQSSUV345HJK608', '3CZRU6H72MG234567', '850e8400-e29b-41d4-a716-44665544005a', @mb_eqssuv_2024, '2024-11-24', GETDATE()),
('750e8400-e29b-41d4-a716-44665544005b', 'VF8NOP678PQR001', 'YV1A22MK8M2345678', '850e8400-e29b-41d4-a716-44665544005b', @vf8_2025, '2025-02-07', GETDATE()),
('750e8400-e29b-41d4-a716-44665544005c', 'VF9STU901VWX034', 'KL1TD6DE7MB456789', '850e8400-e29b-41d4-a716-44665544005c', @vf9_2023, '2023-03-21', GETDATE()),
('750e8400-e29b-41d4-a716-44665544005d', 'VFE34YZA234BCD067', 'JTDZN3EU1MJ567890', '850e8400-e29b-41d4-a716-44665544005d', @vfe34_2024, '2024-06-14', GETDATE()),
('750e8400-e29b-41d4-a716-44665544005e', 'VF5EFG567HJK899', 'WP0AA2A92MS234567', '850e8400-e29b-41d4-a716-44665544005e', @vf5_2023, '2023-08-18', GETDATE()),
('750e8400-e29b-41d4-a716-44665544005f', 'VF6KLM890NOP111', '1FMCU9HD7MUA45678', '850e8400-e29b-41d4-a716-44665544005f', @vf6_2025, '2025-09-02', GETDATE()),
('750e8400-e29b-41d4-a716-446655440060', 'VF7PQR123STU450', 'KNDJ23AU6M7456789', '850e8400-e29b-41d4-a716-446655440060', @vf7_2024, '2024-10-26', GETDATE()),
('750e8400-e29b-41d4-a716-446655440061', 'VF3VWX456YZA780', 'LRBFXBSA8MD567890', '850e8400-e29b-41d4-a716-446655440061', @vf3_2025, '2025-03-12', GETDATE()),
('750e8400-e29b-41d4-a716-446655440062', 'BYDATT789BCD010', '2GNAXUEV6M6234567', '850e8400-e29b-41d4-a716-446655440062', @byd_atto3_2024, '2024-05-04', GETDATE()),
('750e8400-e29b-41d4-a716-446655440063', 'BYDDOL012EFG340', 'VF1RFB00567345678', '850e8400-e29b-41d4-a716-446655440063', @byd_dolphin_2023, '2023-12-17', GETDATE()),
('750e8400-e29b-41d4-a716-446655440064', 'BYDSEA345HJK670', 'ZHWGJ6AT5MLA56789', '850e8400-e29b-41d4-a716-446655440064', @byd_seal_2025, '2025-06-28', GETDATE());

INSERT INTO warranty_policies (id, policy_name, warranty_duration_months, kilometer_limit, terms_and_conditions, created_at)
VALUES
('050e8400-e29b-41d4-a716-446655440101', 'POLICY_1', 24, 150000, 'Standard warranty coverage', GETDATE()),
('050e8400-e29b-41d4-a716-446655440102', 'POLICY_2', 36, 200000, 'Extended warranty coverage', GETDATE()),
('050e8400-e29b-41d4-a716-446655440103', 'POLICY_3', 12, 100000, 'Basic warranty coverage', GETDATE()),
('050e8400-e29b-41d4-a716-446655440104', 'POLICY_4', 48, 250000, 'Premium warranty coverage', GETDATE()),
('050e8400-e29b-41d4-a716-446655440105', 'POLICY_5', 18, 120000, 'Mid-tier warranty coverage', GETDATE()),
('050e8400-e29b-41d4-a716-446655440106', 'POLICY_6', 60, 300000, 'Ultimate warranty coverage', GETDATE()),
('050e8400-e29b-41d4-a716-446655440107', 'POLICY_7', 24, 180000, 'Standard plus warranty', GETDATE()),
('050e8400-e29b-41d4-a716-446655440108', 'POLICY_8', 36, 220000, 'Extended plus warranty', GETDATE()),
('050e8400-e29b-41d4-a716-446655440109', 'POLICY_9', 48, 280000, 'Premium plus warranty', GETDATE()),
('050e8400-e29b-41d4-a716-446655440110', 'POLICY_10', 60, 350000, 'Ultimate plus warranty', GETDATE());

-- ROOT CATEGORIES (CATE_000_xxx)
INSERT INTO part_categories (id, category_name, description, parent_category_id, created_at)
VALUES
    ('350e8400-e29b-41d4-a716-446655440001', 'CATE_000_001', 'TBA', NULL, GETDATE()),
    ('350e8400-e29b-41d4-a716-446655440002', 'CATE_000_002', 'TBA', NULL, GETDATE()),
    ('350e8400-e29b-41d4-a716-446655440003', 'CATE_000_003', 'TBA', NULL, GETDATE());

-- CHILDREN OF CATE_000_001 (CATE_001_xxx)
INSERT INTO part_categories (id, category_name, description, parent_category_id, created_at)
VALUES
    ('350e8400-e29b-41d4-a716-446655444101', 'CATE_001_001', 'TBA', '350e8400-e29b-41d4-a716-446655440001', GETDATE()),
    ('350e8400-e29b-41d4-a716-446655444102', 'CATE_001_002', 'TBA', '350e8400-e29b-41d4-a716-446655440001', GETDATE()),
    ('350e8400-e29b-41d4-a716-446655444103', 'CATE_001_003', 'TBA', '350e8400-e29b-41d4-a716-446655440001', GETDATE());

-- CHILDREN OF CATE_000_002 (CATE_002_xxx)
INSERT INTO part_categories (id, category_name, description, parent_category_id, created_at)
VALUES
    ('350e8400-e29b-41d4-a716-446655444201', 'CATE_002_001', 'TBA', '350e8400-e29b-41d4-a716-446655440002', GETDATE()),
    ('350e8400-e29b-41d4-a716-446655444202', 'CATE_002_002', 'TBA', '350e8400-e29b-41d4-a716-446655440002', GETDATE()),
    ('350e8400-e29b-41d4-a716-446655444203', 'CATE_002_003', 'TBA', '350e8400-e29b-41d4-a716-446655440002', GETDATE())

-- Insert 10 parts instances
INSERT INTO parts (id, serial_number, part_name, unit_price, category_id, office_location_id, created_at)
VALUES
-- CATE_001_001 parts
('250e8400-e29b-41d4-a716-446655440101', '0010000001', 'PART_001_001', 2555000, '350e8400-e29b-41d4-a716-446655444101', NULL, GETDATE()),
('250e8400-e29b-41d4-a716-446655440102', '0010000002', 'PART_001_002', 2750000, '350e8400-e29b-41d4-a716-446655444101', NULL, GETDATE()),
-- CATE_001_002 parts
('250e8400-e29b-41d4-a716-446655440103', '0010000003', 'PART_001_003', 3200000, '350e8400-e29b-41d4-a716-446655444102', NULL, GETDATE()),
('250e8400-e29b-41d4-a716-446655440104', '0010000004', 'PART_001_004', 2900000, '350e8400-e29b-41d4-a716-446655444102', NULL, GETDATE()),
-- CATE_001_003 parts
('250e8400-e29b-41d4-a716-446655440105', '0010000005', 'PART_001_005', 3500000, '350e8400-e29b-41d4-a716-446655444103', NULL, GETDATE()),
('250e8400-e29b-41d4-a716-446655440106', '0010000006', 'PART_001_006', 3100000, '350e8400-e29b-41d4-a716-446655444103', NULL, GETDATE()),
-- CATE_002_001 parts
('250e8400-e29b-41d4-a716-446655440201', '0020000001', 'PART_002_001', 1850000, '350e8400-e29b-41d4-a716-446655444201', NULL, GETDATE()),
('250e8400-e29b-41d4-a716-446655440202', '0020000002', 'PART_002_002', 2100000, '350e8400-e29b-41d4-a716-446655444201', NULL, GETDATE()),
-- CATE_002_002 parts
('250e8400-e29b-41d4-a716-446655440203', '0020000003', 'PART_002_003', 2450000, '350e8400-e29b-41d4-a716-446655444202', NULL, GETDATE()),
('250e8400-e29b-41d4-a716-446655440204', '0020000004', 'PART_002_004', 2650000, '350e8400-e29b-41d4-a716-446655444202', NULL, GETDATE());

-- Insert 10 policy_coverage_parts instances
INSERT INTO policy_coverage_parts (id, policy_id, part_category_id, coverage_conditions, created_at)
VALUES
-- Coverage for CATE_001_001
('150e8400-e29b-41d4-a716-446655440101', '050e8400-e29b-41d4-a716-446655440101', '350e8400-e29b-41d4-a716-446655444101', 'Full coverage for first 2 years, 80% coverage thereafter', GETDATE()),
('150e8400-e29b-41d4-a716-446655440102', '050e8400-e29b-41d4-a716-446655440102', '350e8400-e29b-41d4-a716-446655444101', 'Full coverage for first 3 years, 70% coverage thereafter', GETDATE()),
-- Coverage for CATE_001_002
('150e8400-e29b-41d4-a716-446655440103', '050e8400-e29b-41d4-a716-446655440103', '350e8400-e29b-41d4-a716-446655444102', 'Full coverage for first year, 85% coverage for next 2 years', GETDATE()),
('150e8400-e29b-41d4-a716-446655440104', '050e8400-e29b-41d4-a716-446655440104', '350e8400-e29b-41d4-a716-446655444102', '90% coverage for all warranty period', GETDATE()),
-- Coverage for CATE_001_003
('150e8400-e29b-41d4-a716-446655440105', '050e8400-e29b-41d4-a716-446655440105', '350e8400-e29b-41d4-a716-446655444103', 'Full coverage for first 18 months, 75% coverage thereafter', GETDATE()),
('150e8400-e29b-41d4-a716-446655440106', '050e8400-e29b-41d4-a716-446655440106', '350e8400-e29b-41d4-a716-446655444103', 'Full coverage for entire warranty period', GETDATE()),
-- Coverage for CATE_002_001
('150e8400-e29b-41d4-a716-446655440201', '050e8400-e29b-41d4-a716-446655440107', '350e8400-e29b-41d4-a716-446655444201', '95% coverage for first 2 years, 80% coverage thereafter', GETDATE()),
('150e8400-e29b-41d4-a716-446655440202', '050e8400-e29b-41d4-a716-446655440108', '350e8400-e29b-41d4-a716-446655444201', 'Full coverage with max 2 claims per year', GETDATE()),
-- Coverage for CATE_002_002
('150e8400-e29b-41d4-a716-446655440203', '050e8400-e29b-41d4-a716-446655440109', '350e8400-e29b-41d4-a716-446655444202', 'Full coverage for first year, 90% coverage for next 3 years', GETDATE()),
('150e8400-e29b-41d4-a716-446655440204', '050e8400-e29b-41d4-a716-446655440110', '350e8400-e29b-41d4-a716-446655444202', '85% coverage throughout warranty period', GETDATE());

COMMIT TRANSACTION;

PRINT 'Seed data inserted successfully!';